population size	300
num generation	50
F	1
CR	0.5
N	2
 
final param	420.96965750043915	420.96847549278516
final score	0.0000255691453
