population size	300
num generation	300
F	1.0
CR	0.5
N	5
 
final param	420.92108129726233	418.79188166245143	420.3023999394495	420.86926439613825	419.3594391017481
final score	0.9814725251637
